doc_id	texto
doc_1	Los métodos de autenticación biométrica están mejorando la seguridad de los dispositivos.
doc_2	La invención de la imprenta revolucionó la difusión del conocimiento.
doc_3	La diversificación es clave para gestionar eficazmente el riesgo de inversión.
doc_4	El cine mudo fue reemplazado por el sonido a finales de los años 20.
doc_5	La Revolución Industrial transformó las economías y sociedades de todo el mundo.
doc_6	El árbitro señaló una falta por golpear la red con la raqueta.
doc_7	Los inversores siguen de cerca los cambios en las tasas de interés de la Reserva Federal.
doc_8	La tecnología 5G ofrece velocidades de descarga hasta 100 veces superiores a 4G, habilitando servicios de realidad virtual en tiempo real.
doc_9	El salario mínimo es una política para garantizar un ingreso básico a los trabajadores.
doc_10	El helado de vainilla se hace batiendo y congelando una mezcla de yemas, azúcar y crema.
doc_11	La caída del Imperio Romano de Occidente se sitúa en el año 476 d.C.
doc_12	Los bosques frondosos actúan como pulmones del planeta, filtrando el aire que respiramos.
doc_13	"""Titanic"" recaudó, en todo el mundo, más de 2.000 millones de dólares en taquilla."
doc_14	El sushi nigiri se compone de arroz vinagrado y una loncha de pescado crudo.
doc_15	"En ""El Padrino"", Michael Corleone asume el control de la familia mafiosa."
doc_16	"""Frankenstein"" de Mary Shelley, es considerada la primera novela de ciencia ficción."
doc_17	El baloncesto nació en 1891 en Springfield, Massachusetts.
doc_18	El gazpacho es una sopa fría de tomate, pepino y pimiento típica de Andalucía.
doc_19	Una recesión se define como dos trimestres consecutivos de crecimiento negativo del PIB.
doc_20	El internet de las cosas (IoT) permite que electrodomésticos se comuniquen entre sí mediante redes inalámbricas.
doc_21	Los vehículos eléctricos reducen la dependencia de combustibles fósiles y disminuyen la emisión de CO₂.
doc_22	Usain Bolt estableció el récord mundial de los 100 m en 9,58 s.
doc_23	El producto interno bruto (PIB) mide el valor total de los bienes y servicios producidos.
doc_24	Los criptomonedas, como Bitcoin, emplean tecnología blockchain para registrar transacciones de forma segura y descentralizada.
doc_25	La civilización maya destacó por sus conocimientos astronómicos y su escritura jeroglífica.
doc_26	"""Mad Max: Furia en la carretera"" ganó 6 Óscar, sin incluir el de Mejor Película"
doc_27	Los churros se fríen en aceite caliente y se espolvorean con azúcar.
doc_28	La migración de las mariposas monarca atraviesa América del Norte cada otoño.
doc_29	El descubrimiento de América se atribuye a Cristóbal Colón en 1492.
doc_30	El tipo de cambio determina cuántas unidades de una moneda se obtienen por otra.
doc_31	Los precios de las criptomonedas han sido extremadamente volátiles este año.
doc_32	Los visores de realidad virtual son cada vez más ligeros, potentes, accesibles y cómodos.
doc_33	"""La Metamorfosis"" relata la transformación de Gregorio Samsa."
doc_34	"La comedia ""La fiera de mi niña"" fue dirigida por Howard Hawks (1938)."
doc_35	La técnica de sous‑vide consiste en cocinar alimentos al vacío a baja temperatura.
doc_36	Los bonos del estado son instrumentos de deuda pública.
doc_37	La independencia de México se proclamó el 16 de septiembre de 1810.
doc_38	Los glaciares son reservas de agua dulce que retroceden con el calentamiento global.
doc_39	La inteligencia artificial está transformando la forma en que se analizan grandes volúmenes de datos.
doc_40	Los fondos cotizados (ETF) son instrumentos de inversión que combinan la diversificación de los fondos de inversión con la flexibilidad de las acciones.
doc_41	Los ecosistemas marinos producen más del 50 % del oxígeno terrestre.
doc_42	Cary Grant es considerado uno de los más grandes actores de la historia de Hollywood, sinónimo de elegancia, sofisticación y encanto.
doc_43	La economía mundial se está recuperando de la pandemia, pero persisten los desafíos.
doc_44	"""Cien años de soledad"" es la obra maestra de Gabriel García Márquez."
doc_45	El secreto de un risotto perfecto está en añadir el caldo poco a poco y remover constantemente.
doc_46	La Revolución Francesa de 1789 marcó el fin del Antiguo Régimen.
doc_47	El Festival de Cannes premia cada año una película con la Palma de Oro
doc_48	La banca central regula la oferta monetaria para controlar la inflación.
doc_49	"""La casa de los espíritus"" combina realismo mágico y política chilena."
doc_50	"""El viejo y el mar"" narra la lucha de un pescador cubano con un marlín gigante."
doc_51	Los Juegos Olímpicos de Tokio 2020 se pospusieron por la pandemia.
doc_52	El entrenador pidió tiempo muerto para reorganizar la presión alta.
doc_53	La impresión 3D está revolucionando la fabricación de piezas personalizadas en sectores como la medicina y la aeronáutica.
doc_54	Los osos polares están adaptados a vivir en regiones árticas extremadamente frías.
doc_55	"Ridley Scott dirigió ""Blade Runner"", una obra maestra del cine de ciencia‑ficción"
doc_56	El curry tailandés combina leche de coco, pasta de chile y hierbas aromáticas.
doc_57	La Revolución Rusa de 1917 dio origen a la Unión Soviética.
doc_58	"""Don Quijote de la Mancha"" es considerada la primera novela moderna."
doc_59	Los bosques tropicales albergan la mayor biodiversidad del planeta.
doc_60	Los coches de Fórmula 1 están construidos con compuestos de fibra de carbono y materiales ultraligeros.
doc_61	Los manglares actúan como filtros de contaminantes y zonas de cría para peces.
doc_62	La Guerra Fría se caracterizó por la tensión política entre Estados Unidos y la Unión Soviética.
doc_63	Los ríos transportan vida, alimentando ecosistemas y proporcionando agua dulce.
doc_64	El software de código abierto permite a desarrolladores de todo el mundo colaborar y mejorar aplicaciones sin restricciones de licencia.
doc_65	La masa madre aporta acidez y aroma al pan artesanal.
doc_66	El índice de pobreza mide la proporción de la población con ingresos inferiores al umbral.
doc_67	"""El señor de los anillos"" es una épica de fantasía escrita por J.R.R. Tolkien."
doc_68	La Segunda Guerra Mundial fue un conflicto global que transformó las relaciones internacionales.
doc_69	El cine de autor se caracteriza por la visión personal del director.
doc_70	"El protagonista de ""Casablanca"" pronuncia la famosa frase: ""Siempre nos quedará París"""
doc_71	Los smartphones actuales utilizan procesadores de ocho núcleos para mejorar el rendimiento multitarea.
doc_72	"""Orgullo y prejuicio"" fue escrito por Jane Austen en 1813."
doc_73	El tenis se juega en sets y cada set se decide al ganar al menos seis juegos.
doc_74	Los bosques boreales están dominados por coníferas como el picea y el abeto.
doc_75	Los paneles solares de película delgada son más ligeros y flexibles que los tradicionales de silicio cristalino, facilitando su integración en edificios.
doc_76	"Alfred Hitchcock es conocido como el ""maestro del suspense"""
doc_77	"""Hamlet"" es una tragedia escrita por William Shakespeare."
doc_78	"""La divina comedia"" de Dante Alighieri recorre el Infierno, el Purgatorio y el Paraíso."
doc_79	El director Quentin Tarantino es conocido por sus giros inesperados en la trama.
doc_80	El ramen tradicional japonés se sirve con caldo, fideos y toppings variados.
doc_81	El mediocampista marcó un gol de larga distancia desde los 30 m.
doc_82	El déficit fiscal ocurre cuando el gasto público supera a los ingresos.
doc_83	La inflación anual de un país mide el aumento generalizado de precios.
doc_84	"La Carta Magna fue impuesta en el año 1215 por los barones al rey Juan I, conocido como ""Juan sin Tierra""."
doc_85	Preservar el medio ambiente es proteger el futuro de todas las especies, incluida la nuestra, y garantizar un equilibrio sostenible para el planeta.
doc_86	La conquista de los incas por Francisco Pizarro, ocurrió en 1532.
doc_87	La Guerra de los Cien Años enfrentó a Inglaterra y Francia entre 1337 y 1453.
doc_88	El surf se practica sobre olas en playas de todo el mundo.
doc_89	"""La Casa de Papel"" se convirtió en un éxito global de Netflix."
doc_90	Una buena salsa bechamel requiere mantequilla, harina y leche caliente.
doc_91	Las empanadas gallegas se rellenan tradicionalmente con atún, pimiento y huevo.
doc_92	El delantero anotó con un tiro cruzado desde fuera del área.
doc_93	"""El Principito"" es una fábula filosófica de Antoine de Saint‑Exupéry."
doc_94	El mercado de valores se recuperó tras los informes positivos de ganancias.
doc_95	"""Moby Dick"" narra la obsesión del capitán Ahab."
doc_96	El asado argentino se cocina lentamente sobre brasas de leña.
doc_97	Los ríos forman valles al erosionar su cauce a lo largo de millones de años.
doc_98	El fútbol es el deporte más popular en América Latina y Europa.
doc_99	Los asistentes virtuales, como Alexa o Google Assistant, procesan voz natural para ejecutar tareas y responder preguntas del usuario.
doc_100	El Muro de Berlín fue derribado el 9 de noviembre de 1989.
doc_101	Los sistemas de reconocimiento facial utilizan algoritmos de aprendizaje profundo para identificar a personas en tiempo real.
doc_102	"La saga de ""Harry Potter"" convirtió a J.K. Rowling en una autora de culto."
doc_103	Los servidores en la nube ofrecen escalabilidad y flexibilidad para empresas que necesitan recursos informáticos bajo demanda.
doc_104	Los corales forman arrecifes que protegen las costas de la erosión.
doc_105	La natación requiere técnicas de respiración y brazada coordinadas.
doc_106	Los arrecifes de coral albergan una biodiversidad increíble y son indicadores de la salud de los océanos.
doc_107	Para hacer una tortilla española necesitas patatas, huevo y cebolla.
doc_108	El críquet es el deporte nacional de India y Pakistán.
doc_109	"El film ""Parásitos"" ganó el Óscar a la Mejor Película en 2020."
doc_110	La polinización de las flores depende principalmente de abejas e insectos.
doc_111	"""La Odisea"" es un poema épico atribuido a Homero."
doc_112	La Primera Guerra Mundial concluyó con el Tratado de Versalles en 1919.
doc_113	El rugby se caracteriza por la continuidad del juego y el contacto físico.
doc_114	El maratón cubre una distancia de 42,195 km.
doc_115	La realidad aumentada (AR) superpone información digital sobre el entorno real, mejorando la experiencia de usuarios en juegos y capacitación.
doc_116	El soufflé de queso se infla en el horno gracias al aire atrapado en la masa.
doc_117	"""El Laberinto del Fauno"" combina fantasía y realidad en la posguerra española"
doc_118	El clima de la tundra se caracteriza por inviernos largos y veranos breves.
doc_119	"""Fahrenheit 451"" describe una sociedad donde los libros están prohibidos."
doc_120	Para caramelizar una cebolla se cocina a fuego lento hasta que adquiera color dorado.
